"Carimbo de data/hora","Idade","Sexo","Qual seu nível de escolaridade?","Você utiliza dispositivos móveis com qual frequência?","Já utilizou aplicações de Realidade Aumentada (RA)?","Com o aplicativo aberto, aponte para o marcador ""Seletor"" para navegar pelas opções do menu principal e selecione a opção ""Vuforia Plus"".","Configure a opção Destro/Canhoto conforme preferir e aperte no último botão para começar a jogar.","Na primeira fase você deve apontar a câmera para o marcador ""Cena"" para observar uma imagem do ciclo da água. Para avançar você deve ler o enunciado na parte central superior da tela e selecionar a opção correspondente.","Selecione as opções de 1 a 4 utilizando o marcador ""Seletor"" e confirme a resposta utilizando o botão mais abaixo, caso você acerte o enunciado irá mudar, após 4 rodadas você irá para a próxima fase.","Na segunda fase você utilizará o marcador ""Cena"" para visualizar as imagens que representam o bom e o mau uso da água. Serão 3 rodadas e o objetivo é selecionar as imagens que representam o bom uso da água.","Você pode navegar pelas imagens utilizando os botões com setas pra cima e pra baixo, para selecionar a imagem pressione o botão mais abaixo. ","Você também pode navegar pelas imagens utilizando o marcador em forma de cubo, aproxime a face 4 da câmera até aparecer o ícone de rotação. Enquanto o cubo estiver com o ícone coloque o cubo na área destacada ao lado do marcador ""Seletor"",  se o fundo do ícone estiver vermelho rotacione o cubo para navegar pelas imagens (a melhor posição é com a câmera diretamente acima e um pouco mais próximo do cubo).","Com o aplicativo aberto, aponte para o marcador ""Seletor"" para navegar pelas opções do menu principal e selecione a opção ""Vuforia Tradicional"".","Na primeira fase você deve apontar a câmera para o marcador ""Cena"" para observar uma imagem do ciclo da água. Para avançar você deve ler o enunciado na parte central superior da tela e selecionar a opção correspondente. Utilize o combo box e o botão mais abaixo para confirmar a resposta.","Na segunda fase você utilizará o marcador ""Cena"" para visualizar as imagens que representam o bom e o mau uso da água. Serão 3 rodadas e o objetivo é selecionar as imagens que representam o bom uso da água. Você pode navegar pelas imagens utilizando os botões com setas pra cima e pra baixo, para selecionar a imagem pressione o botão mais abaixo. ","Você conseguiu cumprir todos os objetivos com facilidade?","Quantas tarefas você concluiu sem NENHUM auxílio externo?","Qual modo você gostou mais de jogar?","Como você classifica a usabilidade dos Botões Virtuais (os botões de confirmar e as opções do menu principal)?","Como você classifica a usabilidade do Slider Virtual (a seleção das opções de 1 a 4 da primeira fase)?","Como você classifica a usabilidade da navegação pelo cubo?","Como você classifica a experiência geral de usar os componentes do ListAR?","Você possui algum comentário geral, crítica ou sugestão?"
"2019/05/09 6:20:59 PM GMT-3","20","Masculino","Ensino superior incompleto","Frequentemente","Sim","Concluído","Concluído","Concluído","Concluído","Concluído","Concluído","Concluído","","Concluído","","4","4","Vuforia Plus","5","3","3","4",""
"2019/05/14 9:46:51 AM GMT-3","16","Femenino","Ensino médio incompleto","Frequentemente","Não","Concluído","Concluído","Concluído","Concluído","Concluído","Concluído","Concluído","Concluído","Concluído","Concluído","5","2","Vuforia Plus","5","5","5","5",""
"2019/05/14 9:53:45 AM GMT-3","18","Femenino","Ensino médio incompleto","Frequentemente","Não","Concluído","Concluído","Concluído","Concluído","Concluído","Concluído","Concluído","Concluído","Concluído","Concluído","3","1","Vuforia Tradicional","5","2","4","4","Gostei de alguns, o do vuforia plus foi mais dificil , mas aprendir bastante"
"2019/05/14 10:03:04 AM GMT-3","16","Masculino","Ensino fundamental incompleto","Frequentemente","Não","Concluído","Concluído","Concluído","Concluído","Não conseguiu concluir","Concluído","Não conseguiu concluir","Concluído","Concluído","Concluído","2","2","Vuforia Tradicional","5","4","3","3",""
"2019/05/14 10:08:52 AM GMT-3","19","Masculino","Ensino médio incompleto","Frequentemente","Não","Concluído","Concluído","Concluído","Concluído","Concluído","Concluído","Não conseguiu concluir","Concluído","Concluído","Concluído","5","5","Vuforia Plus","1","5","5","5",""
"2019/05/14 10:38:31 AM GMT-3","18","Femenino","Ensino médio incompleto","Às vezes","Não","Concluído","Concluído","Concluído","Concluído","Concluído","Concluído","Concluído","Concluído","Concluído","Concluído","3","1","Vuforia Plus","2","3","2","4","Muito legal "
"2019/05/14 10:38:38 AM GMT-3","18","Femenino","Ensino médio incompleto","Nunca utilizei","Não","Concluído","Concluído","Concluído","Concluído","Concluído","Concluído","Concluído","Concluído","Concluído","Concluído","4","5","Vuforia Plus","3","4","5","5",""
"2019/05/14 10:54:57 AM GMT-3","17","Masculino","Ensino médio completo – 2º grau","Frequentemente","Não","Concluído","Concluído","Concluído","Concluído","Concluído","Concluído","Concluído","Não conseguiu concluir","Não conseguiu concluir","Não conseguiu concluir","5","4","Vuforia Tradicional","5","5","5","5",""
"2019/05/14 10:55:51 AM GMT-3","17","Masculino","Ensino médio incompleto","Frequentemente","Não","Concluído","Concluído","Concluído","Concluído","Concluído","Concluído","Concluído","Concluído","Concluído","Concluído","4","3","Vuforia Tradicional","5","4","4","5",""
"2019/05/14 11:24:47 AM GMT-3","17","Femenino","Ensino médio incompleto","Frequentemente","Sim","Concluído","Concluído","Concluído","Concluído","Concluído","Concluído","Concluído","Concluído","Concluído","Concluído","4","5","Vuforia Plus","5","5","4","5",""
"2019/05/14 11:33:35 AM GMT-3","17","Femenino","Ensino médio incompleto","Frequentemente","Não","Concluído","Concluído","Concluído","Concluído","Concluído","Concluído","Concluído","Concluído","Concluído","Concluído","3","1","Vuforia Plus","4","4","4","4",""
"2019/05/14 11:33:38 AM GMT-3","18","Femenino","Ensino médio incompleto","Frequentemente","Não","Concluído","Concluído","Concluído","Concluído","Concluído","Concluído","Concluído","Concluído","Concluído","Concluído","3","5","Vuforia Plus","4","5","5","5",""
"2019/05/16 10:06:20 AM GMT-3","12","Masculino","Ensino fundamental incompleto","Frequentemente","Sim","Concluído","Concluído","Concluído","Concluído","Concluído","Concluído","Não conseguiu concluir","Concluído","Concluído","Concluído","4","3","Vuforia Plus","4","4","3","4",""
"2019/05/16 10:06:43 AM GMT-3","13","Masculino","Ensino fundamental incompleto","Às vezes","Não","Concluído","Concluído","Concluído","Concluído","Concluído","Concluído","Concluído","Não conseguiu concluir","Não conseguiu concluir","Não conseguiu concluir","1","1","Vuforia Tradicional","4","5","4","5",""
"2019/05/16 10:16:27 AM GMT-3","14","Masculino","Ensino fundamental incompleto","Frequentemente","Sim","Concluído","Concluído","Concluído","Concluído","Concluído","Concluído","Concluído","Concluído","Não conseguiu concluir","Não conseguiu concluir","5","5","Vuforia Plus","5","5","5","5",""
"2019/05/16 10:16:44 AM GMT-3","14","Masculino","Ensino fundamental incompleto","Frequentemente","Sim","Concluído","Concluído","Concluído","Concluído","Concluído","Concluído","Concluído","Concluído","Concluído","Concluído","4","4","Vuforia Tradicional","4","4","5","5",""
"2019/05/16 11:34:31 AM GMT-3","13","Femenino","Ensino fundamental incompleto","Frequentemente","Sim","Concluído","Concluído","Concluído","Concluído","Concluído","Concluído","Concluído","Não conseguiu concluir","Não conseguiu concluir","Não conseguiu concluir","5","3","Vuforia Plus","5","5","5","5",""
"2019/05/16 11:34:31 AM GMT-3","13","Femenino","Ensino fundamental incompleto","Frequentemente","Sim","Concluído","Concluído","Concluído","Concluído","Concluído","Concluído","Concluído","Não conseguiu concluir","Não conseguiu concluir","Não conseguiu concluir","5","3","Vuforia Plus","5","5","5","5",""
"2019/05/16 11:53:14 AM GMT-3","13","Femenino","Ensino fundamental incompleto","Frequentemente","Sim","Concluído","Concluído","Concluído","Concluído","Concluído","Concluído","Concluído","Concluído","Concluído","Concluído","5","2","Vuforia Plus","5","5","5","5",""
"2019/05/16 11:53:15 AM GMT-3","12","Femenino","Ensino fundamental incompleto","Frequentemente","Sim","Concluído","Concluído","Concluído","Concluído","Concluído","Concluído","Concluído","Concluído","Concluído","Concluído","5","2","Vuforia Plus","5","5","5","5",""